{"cameraMode":{"drawMode":0,"name":"Shaded","section":"Shading Mode"},"sceneLighting":false,"audioPlay":false,"sceneViewState":{"showFog":true,"showMaterialUpdate":false,"showSkybox":false,"showFlares":true,"showImageEffects":true,"showParticleSystems":true},"in2DMode":false,"pivot":{"x":-0.48604393005371096,"y":-0.26750344038009646,"z":0.325181245803833},"rotation":{"x":0.08693025261163712,"y":-0.8374863266944885,"z":0.13974787294864655,"w":0.5213173031806946},"size":2.4825735092163088,"orthographic":false}